{"B1": 14,
 "B2": 21,
 "B3": 93,
 "B4": 34,
 "LR": 0.6682729261140479,
 "GAMMA": 0.680099349508558,
 "N_STEP": 1}