{"B1": 98,
 "B2": 66,
 "B3": 72,
 "B4": 74,
 "LR": 0.7351491664028404,
 "GAMMA": 0.7443281431329383,
 "N_STEP": 1}