{"LR": 0.03514950860920979, "GAMMA": 0.8295625495414156, "N_STEP": 1}