{"LR": 0.3220686541449064, "GAMMA": 0.36754154963835745, "N_STEP": 1}